id,Danceability
17170, 4
17171, 6
17172, 4
17173, 6
17174, 6
17175, 6
17176, 2
17177, 2
17178, 3
17179, 5
17180, 5
17181, 4
17182, 4
17183, 8
17184, 2
17185, 4
17186, 6
17187, 5
17188, 5
17189, 5
17190, 9
17191, 8
17192, 9
17193, 6
17194, 4
17195, 9
17196, 5
17197, 8
17198, 9
17199, 7
17200, 1
17201, 5
17202, 1
17203, 3
17204, 9
17205, 2
17206, 8
17207, 1
17208, 2
17209, 2
17210, 5
17211, 3
17212, 0
17213, 8
17214, 5
17215, 6
17216, 8
17217, 7
17218, 6
17219, 6
17220, 4
17221, 2
17222, 4
17223, 5
17224, 4
17225, 2
17226, 4
17227, 1
17228, 4
17229, 4
17230, 3
17231, 5
17232, 3
17233, 2
17234, 2
17235, 4
17236, 3
17237, 0
17238, 0
17239, 6
17240, 0
17241, 1
17242, 1
17243, 5
17244, 2
17245, 4
17246, 2
17247, 7
17248, 2
17249, 5
17250, 2
17251, 4
17252, 4
17253, 6
17254, 5
17255, 9
17256, 5
17257, 7
17258, 3
17259, 1
17260, 5
17261, 6
17262, 9
17263, 8
17264, 7
17265, 7
17266, 2
17267, 6
17268, 7
17269, 6
17270, 7
17271, 9
17272, 5
17273, 6
17274, 8
17275, 6
17276, 3
17277, 4
17278, 5
17279, 4
17280, 2
17281, 5
17282, 1
17283, 7
17284, 9
17285, 6
17286, 6
17287, 5
17288, 7
17289, 6
17290, 6
17291, 5
17292, 6
17293, 7
17294, 7
17295, 9
17296, 8
17297, 6
17298, 6
17299, 9
17300, 9
17301, 7
17302, 9
17303, 0
17304, 6
17305, 5
17306, 6
17307, 6
17308, 2
17309, 5
17310, 6
17311, 6
17312, 5
17313, 7
17314, 7
17315, 8
17316, 6
17317, 6
17318, 4
17319, 7
17320, 8
17321, 6
17322, 5
17323, 5
17324, 4
17325, 4
17326, 5
17327, 4
17328, 2
17329, 7
17330, 4
17331, 4
17332, 3
17333, 3
17334, 5
17335, 4
17336, 7
17337, 3
17338, 7
17339, 6
17340, 6
17341, 7
17342, 6
17343, 4
17344, 2
17345, 3
17346, 7
17347, 6
17348, 5
17349, 4
17350, 7
17351, 3
17352, 5
17353, 3
17354, 6
17355, 4
17356, 5
17357, 5
17358, 3
17359, 9
17360, 7
17361, 8
17362, 6
17363, 7
17364, 6
17365, 7
17366, 5
17367, 9
17368, 9
17369, 7
17370, 9
17371, 9
17372, 4
17373, 5
17374, 3
17375, 5
17376, 4
17377, 0
17378, 3
17379, 8
17380, 8
17381, 7
17382, 7
17383, 8
17384, 9
17385, 8
17386, 7
17387, 3
17388, 7
17389, 8
17390, 7
17391, 6
17392, 9
17393, 6
17394, 5
17395, 6
17396, 9
17397, 6
17398, 4
17399, 3
17400, 6
17401, 2
17402, 2
17403, 6
17404, 7
17405, 8
17406, 1
17407, 6
17408, 3
17409, 4
17410, 3
17411, 7
17412, 2
17413, 6
17414, 4
17415, 4
17416, 6
17417, 8
17418, 7
17419, 9
17420, 5
17421, 9
17422, 3
17423, 0
17424, 7
17425, 6
17426, 6
17427, 4
17428, 1
17429, 3
17430, 2
17431, 4
17432, 7
17433, 4
17434, 6
17435, 6
17436, 3
17437, 1
17438, 6
17439, 4
17440, 1
17441, 2
17442, 2
17443, 1
17444, 7
17445, 7
17446, 3
17447, 8
17448, 0
17449, 5
17450, 6
17451, 7
17452, 7
17453, 8
17454, 7
17455, 3
17456, 2
17457, 4
17458, 8
17459, 7
17460, 3
17461, 7
17462, 2
17463, 3
17464, 4
17465, 0
17466, 4
17467, 3
17468, 6
17469, 5
17470, 2
17471, 7
17472, 3
17473, 7
17474, 6
17475, 5
17476, 6
17477, 8
17478, 6
17479, 6
17480, 3
17481, 5
17482, 6
17483, 7
17484, 5
17485, 9
17486, 8
17487, 3
17488, 3
17489, 3
17490, 9
17491, 7
17492, 7
17493, 6
17494, 7
17495, 2
17496, 8
17497, 6
17498, 9
17499, 7
17500, 4
17501, 2
17502, 6
17503, 1
17504, 7
17505, 3
17506, 1
17507, 2
17508, 4
17509, 6
17510, 9
17511, 2
17512, 7
17513, 7
17514, 6
17515, 7
17516, 1
17517, 2
17518, 6
17519, 6
17520, 6
17521, 8
17522, 6
17523, 7
17524, 6
17525, 8
17526, 8
17527, 6
17528, 4
17529, 7
17530, 5
17531, 7
17532, 4
17533, 4
17534, 7
17535, 6
17536, 5
17537, 8
17538, 6
17539, 6
17540, 9
17541, 8
17542, 2
17543, 5
17544, 6
17545, 8
17546, 4
17547, 5
17548, 5
17549, 3
17550, 6
17551, 5
17552, 6
17553, 6
17554, 7
17555, 6
17556, 5
17557, 4
17558, 8
17559, 9
17560, 8
17561, 8
17562, 2
17563, 1
17564, 5
17565, 7
17566, 7
17567, 3
17568, 5
17569, 0
17570, 2
17571, 9
17572, 8
17573, 4
17574, 5
17575, 6
17576, 4
17577, 6
17578, 6
17579, 6
17580, 7
17581, 8
17582, 5
17583, 6
17584, 4
17585, 6
17586, 8
17587, 6
17588, 5
17589, 7
17590, 9
17591, 7
17592, 7
17593, 2
17594, 6
17595, 8
17596, 3
17597, 2
17598, 5
17599, 7
17600, 6
17601, 6
17602, 7
17603, 5
17604, 1
17605, 2
17606, 0
17607, 6
17608, 5
17609, 7
17610, 0
17611, 5
17612, 5
17613, 8
17614, 1
17615, 1
17616, 3
17617, 3
17618, 2
17619, 3
17620, 6
17621, 2
17622, 7
17623, 6
17624, 2
17625, 5
17626, 6
17627, 4
17628, 4
17629, 4
17630, 9
17631, 1
17632, 4
17633, 0
17634, 5
17635, 3
17636, 6
17637, 1
17638, 2
17639, 4
17640, 6
17641, 2
17642, 4
17643, 1
17644, 4
17645, 5
17646, 3
17647, 0
17648, 3
17649, 1
17650, 6
17651, 2
17652, 2
17653, 6
17654, 1
17655, 5
17656, 5
17657, 0
17658, 0
17659, 0
17660, 1
17661, 0
17662, 1
17663, 0
17664, 0
17665, 0
17666, 0
17667, 5
17668, 2
17669, 1
17670, 2
17671, 0
17672, 2
17673, 5
17674, 2
17675, 3
17676, 5
17677, 0
17678, 2
17679, 1
17680, 2
17681, 6
17682, 6
17683, 6
17684, 2
17685, 6
17686, 3
17687, 1
17688, 1
17689, 1
17690, 2
17691, 7
17692, 0
17693, 1
17694, 3
17695, 6
17696, 2
17697, 1
17698, 0
17699, 2
17700, 2
17701, 5
17702, 4
17703, 8
17704, 5
17705, 4
17706, 3
17707, 3
17708, 8
17709, 5
17710, 3
17711, 1
17712, 7
17713, 1
17714, 1
17715, 0
17716, 2
17717, 0
17718, 5
17719, 2
17720, 5
17721, 0
17722, 0
17723, 1
17724, 2
17725, 1
17726, 2
17727, 2
17728, 3
17729, 4
17730, 2
17731, 2
17732, 3
17733, 1
17734, 7
17735, 4
17736, 7
17737, 2
17738, 3
17739, 3
17740, 4
17741, 2
17742, 8
17743, 6
17744, 1
17745, 6
17746, 2
17747, 8
17748, 3
17749, 0
17750, 8
17751, 2
17752, 7
17753, 5
17754, 6
17755, 3
17756, 7
17757, 3
17758, 9
17759, 2
17760, 0
17761, 3
17762, 2
17763, 6
17764, 0
17765, 9
17766, 7
17767, 7
17768, 7
17769, 3
17770, 2
17771, 7
17772, 7
17773, 9
17774, 9
17775, 7
17776, 7
17777, 3
17778, 4
17779, 8
17780, 4
17781, 6
17782, 4
17783, 7
17784, 6
17785, 2
17786, 5
17787, 1
17788, 3
17789, 4
17790, 1
17791, 5
17792, 5
17793, 7
17794, 2
17795, 9
17796, 6
17797, 8
17798, 8
17799, 6
17800, 8
17801, 2
17802, 9
17803, 6
17804, 8
17805, 4
17806, 6
17807, 3
17808, 1
17809, 9
17810, 8
17811, 3
17812, 6
17813, 5
17814, 6
17815, 4
17816, 7
17817, 2
17818, 4
17819, 7
17820, 5
17821, 4
17822, 3
17823, 8
17824, 4
17825, 9
17826, 5
17827, 7
17828, 4
17829, 7
17830, 6
17831, 9
17832, 7
17833, 2
17834, 4
17835, 4
17836, 4
17837, 1
17838, 5
17839, 1
17840, 2
17841, 7
17842, 7
17843, 7
17844, 6
17845, 7
17846, 4
17847, 8
17848, 6
17849, 9
17850, 8
17851, 3
17852, 7
17853, 8
17854, 8
17855, 4
17856, 5
17857, 7
17858, 4
17859, 8
17860, 6
17861, 3
17862, 5
17863, 6
17864, 4
17865, 7
17866, 9
17867, 5
17868, 3
17869, 7
17870, 5
17871, 0
17872, 7
17873, 6
17874, 7
17875, 0
17876, 3
17877, 5
17878, 8
17879, 5
17880, 2
17881, 1
17882, 3
17883, 4
17884, 5
17885, 0
17886, 2
17887, 5
17888, 7
17889, 6
17890, 5
17891, 4
17892, 1
17893, 2
17894, 5
17895, 6
17896, 9
17897, 6
17898, 9
17899, 2
17900, 5
17901, 3
17902, 7
17903, 6
17904, 1
17905, 9
17906, 5
17907, 8
17908, 3
17909, 4
17910, 3
17911, 1
17912, 4
17913, 5
17914, 3
17915, 8
17916, 5
17917, 6
17918, 6
17919, 3
17920, 6
17921, 2
17922, 3
17923, 7
17924, 6
17925, 0
17926, 0
17927, 5
17928, 1
17929, 2
17930, 3
17931, 2
17932, 6
17933, 6
17934, 6
17935, 7
17936, 6
17937, 6
17938, 7
17939, 2
17940, 1
17941, 8
17942, 8
17943, 3
17944, 2
17945, 5
17946, 4
17947, 5
17948, 4
17949, 2
17950, 3
17951, 3
17952, 7
17953, 3
17954, 6
17955, 6
17956, 8
17957, 4
17958, 9
17959, 8
17960, 4
17961, 4
17962, 3
17963, 8
17964, 3
17965, 9
17966, 7
17967, 3
17968, 7
17969, 9
17970, 6
17971, 7
17972, 9
17973, 8
17974, 6
17975, 5
17976, 6
17977, 6
17978, 7
17979, 6
17980, 7
17981, 2
17982, 4
17983, 8
17984, 6
17985, 6
17986, 8
17987, 7
17988, 6
17989, 4
17990, 8
17991, 9
17992, 4
17993, 7
17994, 2
17995, 2
17996, 8
17997, 5
17998, 9
17999, 7
18000, 9
18001, 9
18002, 4
18003, 6
18004, 1
18005, 1
18006, 3
18007, 4
18008, 6
18009, 6
18010, 4
18011, 6
18012, 0
18013, 8
18014, 3
18015, 3
18016, 0
18017, 5
18018, 1
18019, 6
18020, 6
18021, 1
18022, 5
18023, 1
18024, 5
18025, 8
18026, 6
18027, 7
18028, 5
18029, 0
18030, 0
18031, 0
18032, 0
18033, 0
18034, 0
18035, 0
18036, 0
18037, 0
18038, 8
18039, 8
18040, 3
18041, 7
18042, 1
18043, 2
18044, 7
18045, 5
18046, 2
18047, 5
18048, 4
18049, 5
18050, 5
18051, 7
18052, 3
18053, 7
18054, 1
18055, 7
18056, 6
18057, 6
18058, 5
18059, 1
18060, 7
18061, 3
18062, 3
18063, 7
18064, 1
18065, 8
18066, 8
18067, 8
18068, 9
18069, 5
18070, 3
18071, 7
18072, 4
18073, 8
18074, 9
18075, 5
18076, 6
18077, 8
18078, 7
18079, 4
18080, 4
18081, 7
18082, 4
18083, 2
18084, 5
18085, 8
18086, 7
18087, 5
18088, 8
18089, 2
18090, 4
18091, 2
18092, 4
18093, 1
18094, 4
18095, 4
18096, 2
18097, 1
18098, 5
18099, 5
18100, 1
18101, 4
18102, 4
18103, 5
18104, 7
18105, 5
18106, 7
18107, 6
18108, 1
18109, 5
18110, 6
18111, 3
18112, 5
18113, 5
18114, 5
18115, 1
18116, 5
18117, 6
18118, 5
18119, 4
18120, 6
18121, 2
18122, 4
18123, 3
18124, 9
18125, 5
18126, 0
18127, 5
18128, 8
18129, 3
18130, 6
18131, 4
18132, 6
18133, 2
18134, 2
18135, 1
18136, 3
18137, 5
18138, 7
18139, 5
18140, 1
18141, 6
18142, 2
18143, 4
18144, 4
18145, 4
18146, 6
18147, 4
18148, 2
18149, 3
18150, 8
18151, 7
18152, 8
18153, 3
18154, 3
18155, 8
18156, 2
18157, 9
18158, 3
18159, 6
18160, 7
18161, 6
18162, 8
18163, 6
18164, 5
18165, 8
18166, 2
18167, 7
18168, 3
18169, 4
18170, 9
18171, 6
18172, 6
18173, 5
18174, 7
18175, 8
18176, 5
18177, 5
18178, 3
18179, 6
18180, 7
18181, 5
18182, 8
18183, 3
18184, 6
18185, 6
18186, 7
18187, 2
18188, 7
18189, 0
18190, 1
18191, 5
18192, 7
18193, 4
18194, 0
18195, 7
18196, 5
18197, 6
18198, 0
18199, 1
18200, 0
18201, 0
18202, 0
18203, 0
18204, 0
18205, 0
18206, 4
18207, 1
18208, 4
18209, 0
18210, 8
18211, 9
18212, 9
18213, 7
18214, 9
18215, 6
18216, 6
18217, 8
18218, 8
18219, 7
18220, 6
18221, 0
18222, 8
18223, 7
18224, 8
18225, 1
18226, 6
18227, 4
18228, 7
18229, 8
18230, 5
18231, 4
18232, 4
18233, 4
18234, 6
18235, 5
18236, 3
18237, 5
18238, 5
18239, 7
18240, 8
18241, 6
18242, 5
18243, 8
18244, 3
18245, 8
18246, 6
18247, 7
18248, 8
18249, 2
18250, 7
18251, 2
18252, 8
18253, 4
18254, 3
18255, 5
18256, 1
18257, 2
18258, 0
18259, 6
18260, 3
18261, 5
18262, 2
18263, 6
18264, 0
18265, 2
18266, 0
18267, 2
18268, 1
18269, 6
18270, 6
18271, 2
18272, 2
18273, 5
18274, 7
18275, 5
18276, 2
18277, 5
18278, 4
18279, 9
18280, 9
18281, 8
18282, 5
18283, 9
18284, 2
18285, 8
18286, 1
18287, 6
18288, 5
18289, 6
18290, 6
18291, 8
18292, 9
18293, 7
18294, 4
18295, 5
18296, 2
18297, 6
18298, 3
18299, 2
18300, 6
18301, 2
18302, 6
18303, 3
18304, 6
18305, 3
18306, 6
18307, 0
18308, 6
18309, 6
18310, 7
18311, 7
18312, 6
18313, 7
18314, 3
18315, 6
18316, 7
18317, 7
18318, 0
18319, 0
18320, 0
18321, 4
18322, 0
18323, 7
18324, 0
18325, 7
18326, 7
18327, 6
18328, 3
18329, 9
18330, 2
18331, 5
18332, 5
18333, 4
18334, 2
18335, 4
18336, 5
18337, 4
18338, 0
18339, 2
18340, 3
18341, 4
18342, 3
18343, 3
18344, 4
18345, 3
18346, 2
18347, 1
18348, 3
18349, 2
18350, 3
18351, 5
18352, 5
18353, 9
18354, 6
18355, 3
18356, 5
18357, 4
18358, 6
18359, 7
18360, 7
18361, 0
18362, 2
18363, 4
18364, 6
18365, 3
18366, 4
18367, 3
18368, 8
18369, 3
18370, 6
18371, 6
18372, 0
18373, 3
18374, 9
18375, 9
18376, 7
18377, 4
18378, 6
18379, 7
18380, 6
18381, 7
18382, 7
18383, 5
18384, 6
18385, 6
18386, 9
18387, 9
18388, 6
18389, 7
18390, 7
18391, 0
18392, 1
18393, 0
18394, 2
18395, 0
18396, 4
18397, 0
18398, 0
18399, 2
18400, 5
18401, 0
18402, 0
18403, 4
18404, 1
18405, 6
18406, 3
18407, 3
18408, 5
18409, 7
18410, 8
18411, 2
18412, 6
18413, 6
18414, 4
18415, 5
18416, 7
18417, 4
18418, 0
18419, 0
18420, 0
18421, 0
18422, 1
18423, 2
18424, 0
18425, 0
18426, 0
18427, 0
18428, 0
18429, 3
18430, 5
18431, 3
18432, 3
18433, 6
18434, 2
18435, 2
18436, 0
18437, 2
18438, 1
18439, 2
18440, 0
18441, 6
18442, 5
18443, 7
18444, 0
18445, 0
18446, 7
18447, 4
18448, 7
18449, 2
18450, 7
18451, 5
18452, 4
18453, 8
18454, 4
18455, 2
18456, 6
18457, 6
18458, 6
18459, 2
18460, 1
18461, 8
18462, 6
18463, 5
18464, 6
18465, 6
18466, 0
18467, 0
18468, 1
18469, 6
18470, 4
18471, 1
18472, 5
18473, 5
18474, 3
18475, 0
18476, 0
18477, 3
18478, 5
18479, 3
18480, 8
18481, 8
18482, 2
18483, 6
18484, 8
18485, 9
18486, 3
18487, 0
18488, 3
18489, 4
18490, 7
18491, 6
18492, 3
18493, 3
18494, 7
18495, 2
18496, 8
18497, 5
18498, 2
18499, 5
18500, 5
18501, 5
18502, 3
18503, 3
18504, 4
18505, 7
18506, 8
18507, 2
18508, 6
18509, 7
18510, 7
18511, 4
18512, 5
18513, 4
18514, 7
18515, 3
18516, 5
18517, 6
18518, 6
18519, 4
18520, 7
18521, 5
18522, 2
18523, 4
18524, 5
18525, 3
18526, 2
18527, 4
18528, 6
18529, 7
18530, 6
18531, 2
18532, 6
18533, 3
18534, 6
18535, 2
18536, 4
18537, 1
18538, 8
18539, 4
18540, 1
18541, 2
18542, 5
18543, 6
18544, 3
18545, 5
18546, 3
18547, 5
18548, 1
18549, 1
18550, 2
18551, 0
18552, 2
18553, 2
18554, 1
18555, 3
18556, 1
18557, 0
18558, 5
18559, 5
18560, 8
18561, 2
18562, 7
18563, 1
18564, 5
18565, 2
18566, 5
18567, 7
18568, 8
18569, 6
18570, 9
18571, 5
18572, 5
18573, 2
18574, 4
18575, 7
18576, 2
18577, 0
18578, 3
18579, 8
18580, 8
18581, 3
18582, 3
18583, 3
18584, 3
18585, 4
18586, 2
18587, 3
18588, 8
18589, 2
18590, 1
18591, 4
18592, 1
18593, 2
18594, 1
18595, 3
18596, 0
18597, 2
18598, 1
18599, 0
18600, 2
18601, 7
18602, 6
18603, 2
18604, 9
18605, 8
18606, 5
18607, 3
18608, 7
18609, 2
18610, 4
18611, 2
18612, 5
18613, 2
18614, 7
18615, 5
18616, 0
18617, 6
18618, 2
18619, 6
18620, 3
18621, 3
18622, 0
18623, 4
18624, 0
18625, 4
18626, 1
18627, 3
18628, 6
18629, 3
18630, 5
18631, 1
18632, 0
18633, 0
18634, 6
18635, 7
18636, 5
18637, 0
18638, 2
18639, 6
18640, 3
18641, 5
18642, 3
18643, 1
18644, 1
18645, 2
18646, 1
18647, 2
18648, 2
18649, 2
18650, 2
18651, 2
18652, 3
18653, 2
18654, 8
18655, 7
18656, 8
18657, 0
18658, 6
18659, 6
18660, 6
18661, 7
18662, 7
18663, 8
18664, 4
18665, 4
18666, 4
18667, 2
18668, 7
18669, 4
18670, 1
18671, 6
18672, 2
18673, 4
18674, 2
18675, 4
18676, 1
18677, 2
18678, 5
18679, 4
18680, 2
18681, 2
18682, 1
18683, 4
18684, 7
18685, 3
18686, 4
18687, 2
18688, 4
18689, 2
18690, 2
18691, 6
18692, 4
18693, 3
18694, 5
18695, 5
18696, 3
18697, 2
18698, 1
18699, 2
18700, 7
18701, 7
18702, 3
18703, 7
18704, 6
18705, 2
18706, 5
18707, 6
18708, 7
18709, 2
18710, 4
18711, 4
18712, 5
18713, 2
18714, 6
18715, 6
18716, 4
18717, 4
18718, 8
18719, 5
18720, 0
18721, 5
18722, 1
18723, 5
18724, 8
18725, 7
18726, 6
18727, 8
18728, 8
18729, 8
18730, 9
18731, 6
18732, 8
18733, 9
18734, 5
18735, 2
18736, 5
18737, 3
18738, 4
18739, 7
18740, 7
18741, 6
18742, 5
18743, 3
18744, 6
18745, 2
18746, 4
18747, 2
18748, 6
18749, 5
18750, 4
18751, 5
18752, 0
18753, 2
18754, 0
18755, 2
18756, 5
18757, 6
18758, 0
18759, 5
18760, 8
18761, 6
18762, 7
18763, 4
18764, 6
18765, 6
18766, 5
18767, 8
18768, 4
18769, 4
18770, 6
18771, 8
18772, 7
18773, 6
18774, 6
18775, 2
18776, 0
18777, 8
18778, 7
18779, 8
18780, 7
18781, 6
18782, 6
18783, 6
18784, 1
18785, 1
18786, 4
18787, 5
18788, 8
18789, 9
18790, 3
18791, 6
18792, 6
18793, 1
18794, 9
18795, 5
18796, 7
18797, 4
18798, 8
18799, 4
18800, 4
18801, 7
18802, 6
18803, 7
18804, 6
18805, 6
18806, 2
18807, 1
18808, 2
18809, 2
18810, 6
18811, 7
18812, 0
18813, 2
18814, 2
18815, 8
18816, 5
18817, 2
18818, 7
18819, 7
18820, 0
18821, 6
18822, 3
18823, 5
18824, 4
18825, 5
18826, 5
18827, 5
18828, 9
18829, 0
18830, 8
18831, 4
18832, 5
18833, 7
18834, 9
18835, 7
18836, 5
18837, 9
18838, 9
18839, 3
18840, 9
18841, 8
18842, 5
18843, 8
18844, 7
18845, 0
18846, 0
18847, 1
18848, 0
18849, 0
18850, 0
18851, 1
18852, 0
18853, 0
18854, 0
18855, 3
18856, 1
18857, 2
18858, 3
18859, 1
18860, 1
18861, 2
18862, 2
18863, 0
18864, 3
18865, 8
18866, 5
18867, 7
18868, 6
18869, 8
18870, 8
18871, 7
18872, 8
18873, 9
18874, 8
18875, 7
18876, 3
18877, 8
18878, 9
18879, 6
18880, 9
18881, 1
18882, 6
18883, 3
18884, 6
18885, 7
18886, 5
18887, 6
18888, 8
18889, 1
18890, 0
18891, 9
18892, 3
18893, 7
18894, 2
18895, 0
18896, 4
18897, 5
18898, 3
18899, 5
18900, 6
18901, 3
18902, 4
18903, 2
18904, 1
18905, 8
18906, 0
18907, 0
18908, 0
18909, 0
18910, 3
18911, 0
18912, 0
18913, 0
18914, 0
18915, 0
18916, 3
18917, 7
18918, 4
18919, 1
18920, 7
18921, 5
18922, 1
18923, 8
18924, 3
18925, 7
18926, 3
18927, 2
18928, 3
18929, 2
18930, 3
18931, 5
18932, 2
18933, 5
18934, 8
18935, 8
18936, 5
18937, 5
18938, 9
18939, 3
18940, 4
18941, 5
18942, 4
18943, 7
18944, 6
18945, 6
18946, 5
18947, 7
18948, 6
18949, 4
18950, 7
18951, 8
18952, 8
18953, 6
18954, 4
18955, 4
18956, 4
18957, 4
18958, 4
18959, 4
18960, 4
18961, 2
18962, 3
18963, 3
18964, 3
18965, 2
18966, 5
18967, 4
18968, 2
18969, 0
18970, 0
18971, 6
18972, 9
18973, 9
18974, 4
18975, 3
18976, 3
18977, 4
18978, 6
18979, 5
18980, 1
18981, 5
18982, 4
18983, 2
18984, 5
18985, 9
18986, 3
18987, 8
18988, 7
18989, 7
18990, 6
18991, 3
18992, 3
18993, 5
18994, 4
18995, 3
18996, 5
18997, 5
18998, 7
18999, 5
19000, 7
19001, 1
19002, 5
19003, 4
19004, 3
19005, 3
19006, 2
19007, 4
19008, 1
19009, 7
19010, 6
19011, 5
19012, 6
19013, 4
19014, 7
19015, 2
19016, 6
19017, 7
19018, 3
19019, 7
19020, 2
19021, 3
19022, 6
19023, 1
19024, 4
19025, 2
19026, 2
19027, 5
19028, 5
19029, 6
19030, 6
19031, 3
19032, 1
19033, 5
19034, 6
19035, 2
19036, 2
19037, 3
19038, 2
19039, 3
19040, 5
19041, 1
19042, 6
19043, 2
19044, 3
19045, 6
19046, 2
19047, 7
19048, 1
19049, 6
19050, 0
19051, 4
19052, 2
19053, 2
19054, 0
19055, 3
19056, 2
19057, 2
19058, 4
19059, 6
19060, 2
19061, 8
19062, 2
19063, 6
19064, 8
19065, 6
19066, 5
19067, 4
19068, 3
19069, 1
19070, 1
19071, 4
19072, 5
19073, 0
19074, 0
19075, 8
19076, 5
19077, 0
19078, 0
19079, 0
19080, 5
19081, 0
19082, 0
19083, 7
19084, 5
19085, 6
19086, 2
19087, 0
19088, 6
19089, 3
19090, 3
19091, 5
19092, 5
19093, 3
19094, 3
19095, 1
19096, 3
19097, 1
19098, 6
19099, 3
19100, 5
19101, 4
19102, 2
19103, 2
19104, 4
19105, 2
19106, 5
19107, 1
19108, 0
19109, 2
19110, 4
19111, 0
19112, 2
19113, 2
19114, 1
19115, 3
19116, 1
19117, 1
19118, 3
19119, 2
19120, 5
19121, 4
19122, 0
19123, 3
19124, 4
19125, 2
19126, 2
19127, 1
19128, 2
19129, 6
19130, 4
19131, 4
19132, 2
19133, 3
19134, 1
19135, 8
19136, 4
19137, 4
19138, 1
19139, 0
19140, 0
19141, 5
19142, 6
19143, 2
19144, 0
19145, 8
19146, 4
19147, 7
19148, 6
19149, 5
19150, 7
19151, 7
19152, 5
19153, 5
19154, 4
19155, 6
19156, 9
19157, 2
19158, 6
19159, 9
19160, 7
19161, 8
19162, 6
19163, 7
19164, 0
19165, 2
19166, 3
19167, 0
19168, 3
19169, 2
19170, 3
19171, 2
19172, 3
19173, 5
19174, 5
19175, 2
19176, 7
19177, 5
19178, 5
19179, 1
19180, 4
19181, 6
19182, 4
19183, 6
19184, 0
19185, 2
19186, 3
19187, 6
19188, 7
19189, 7
19190, 7
19191, 0
19192, 8
19193, 5
19194, 6
19195, 4
19196, 2
19197, 6
19198, 2
19199, 7
19200, 7
19201, 8
19202, 3
19203, 4
19204, 1
19205, 7
19206, 6
19207, 6
19208, 6
19209, 3
19210, 5
19211, 7
19212, 1
19213, 5
19214, 7
19215, 5
19216, 2
19217, 8
19218, 9
19219, 4
19220, 2
19221, 2
19222, 9
19223, 3
19224, 9
19225, 7
19226, 2
19227, 3
19228, 1
19229, 6
19230, 3
19231, 1
19232, 6
19233, 8
19234, 2
19235, 3
19236, 6
19237, 2
19238, 5
19239, 2
19240, 4
19241, 7
19242, 3
19243, 9
19244, 5
19245, 5
19246, 5
19247, 2
19248, 5
19249, 5
19250, 4
19251, 3
19252, 0
19253, 7
19254, 6
19255, 6
19256, 3
19257, 2
19258, 1
19259, 9
19260, 8
19261, 5
19262, 8
19263, 0
19264, 8
19265, 8
19266, 3
19267, 6
19268, 8
19269, 4
19270, 6
19271, 4
19272, 4
19273, 8
19274, 5
19275, 5
19276, 4
19277, 4
19278, 5
19279, 3
19280, 4
19281, 6
19282, 3
19283, 3
19284, 9
19285, 8
19286, 8
19287, 3
19288, 7
19289, 4
19290, 5
19291, 5
19292, 6
19293, 5
19294, 6
19295, 5
19296, 2
19297, 2
19298, 2
19299, 9
19300, 6
19301, 0
19302, 6
19303, 1
19304, 6
19305, 6
19306, 5
19307, 1
19308, 6
19309, 5
19310, 2
19311, 0
19312, 5
19313, 9
19314, 8
19315, 5
19316, 6
19317, 5
19318, 2
19319, 1
19320, 2
19321, 7
19322, 4
19323, 6
19324, 1
19325, 6
19326, 6
19327, 5
19328, 6
19329, 5
19330, 6
19331, 4
19332, 2
19333, 5
19334, 4
19335, 5
19336, 7
19337, 7
19338, 6
19339, 2
19340, 3
19341, 6
19342, 5
19343, 4
19344, 2
19345, 2
19346, 3
19347, 3
19348, 9
19349, 9
19350, 0
19351, 5
19352, 5
19353, 5
19354, 8
19355, 8
19356, 5
19357, 6
19358, 6
19359, 9
19360, 2
19361, 0
19362, 9
19363, 6
19364, 6
19365, 7
19366, 5
19367, 1
19368, 2
19369, 5
19370, 7
19371, 7
19372, 7
19373, 7
19374, 3
19375, 4
19376, 5
19377, 9
19378, 2
19379, 8
19380, 1
19381, 7
19382, 5
19383, 0
19384, 3
19385, 4
19386, 2
19387, 6
19388, 7
19389, 3
19390, 4
19391, 8
19392, 7
19393, 3
19394, 1
19395, 4
19396, 5
19397, 4
19398, 7
19399, 7
19400, 8
19401, 6
19402, 5
19403, 5
19404, 1
19405, 2
19406, 3
19407, 5
19408, 5
19409, 8
19410, 3
19411, 8
19412, 5
19413, 7
19414, 3
19415, 6
19416, 4
19417, 7
19418, 3
19419, 8
19420, 8
19421, 5
19422, 8
19423, 5
19424, 2
19425, 3
19426, 0
19427, 6
19428, 7
19429, 7
19430, 5
19431, 7
19432, 3
19433, 6
19434, 6
19435, 6
19436, 4
19437, 2
19438, 3
19439, 6
19440, 2
19441, 3
19442, 4
19443, 6
19444, 4
19445, 2
19446, 8
19447, 7
19448, 4
19449, 4
19450, 5
19451, 2
19452, 6
19453, 3
19454, 3
19455, 3
19456, 4
19457, 7
19458, 3
19459, 1
19460, 3
19461, 8
19462, 6
19463, 5
19464, 7
19465, 7
19466, 4
19467, 9
19468, 7
19469, 7
19470, 2
19471, 8
19472, 3
19473, 5
19474, 8
19475, 9
19476, 2
19477, 5
19478, 5
19479, 5
19480, 6
19481, 2
19482, 4
19483, 8
19484, 9
19485, 5
19486, 8
19487, 5
19488, 4
19489, 2
19490, 8
19491, 2
19492, 7
19493, 5
19494, 8
19495, 5
19496, 6
19497, 7
19498, 7
19499, 3
19500, 8
19501, 7
19502, 2
19503, 3
19504, 2
19505, 2
19506, 9
19507, 3
19508, 8
19509, 1
19510, 7
19511, 4
19512, 3
19513, 9
19514, 6
19515, 1
19516, 6
19517, 2
19518, 8
19519, 9
19520, 9
19521, 4
19522, 8
19523, 9
19524, 1
19525, 5
19526, 5
19527, 7
19528, 5
19529, 6
19530, 8
19531, 2
19532, 7
19533, 5
19534, 9
19535, 3
19536, 1
19537, 7
19538, 6
19539, 5
19540, 3
19541, 5
19542, 2
19543, 3
19544, 7
19545, 7
19546, 5
19547, 2
19548, 8
19549, 8
19550, 3
19551, 3
19552, 5
19553, 2
19554, 6
19555, 6
19556, 4
19557, 6
19558, 5
19559, 4
19560, 2
19561, 5
19562, 3
19563, 2
19564, 6
19565, 1
19566, 7
19567, 7
19568, 0
19569, 6
19570, 7
19571, 7
19572, 1
19573, 7
19574, 1
19575, 8
19576, 8
19577, 5
19578, 4
19579, 5
19580, 5
19581, 2
19582, 8
19583, 6
19584, 3
19585, 2
19586, 5
19587, 8
19588, 9
19589, 7
19590, 9
19591, 4
19592, 2
19593, 4
19594, 9
19595, 7
19596, 1
19597, 2
19598, 4
19599, 3
19600, 4
19601, 4
19602, 1
19603, 9
19604, 6
19605, 9
19606, 6
19607, 7
19608, 5
19609, 6
19610, 6
19611, 3
19612, 5
19613, 6
19614, 3
19615, 6
19616, 6
19617, 5
19618, 3
19619, 7
19620, 5
19621, 2
19622, 5
19623, 0
19624, 5
19625, 6
19626, 2
19627, 3
19628, 9
19629, 5
19630, 5
19631, 9
19632, 8
19633, 5
19634, 7
19635, 8
19636, 5
19637, 2
19638, 9
19639, 6
19640, 2
19641, 5
19642, 8
19643, 7
19644, 6
19645, 9
19646, 9
19647, 6
19648, 9
19649, 2
19650, 1
19651, 0
19652, 4
19653, 2
19654, 8
19655, 7
19656, 5
19657, 6
19658, 3
19659, 3
19660, 5
19661, 5
19662, 8
19663, 9
19664, 3
19665, 9
19666, 2
19667, 6
19668, 6
19669, 3
19670, 7
19671, 7
19672, 5
19673, 2
19674, 9
19675, 8
19676, 9
19677, 2
19678, 4
19679, 2
19680, 9
19681, 6
19682, 5
19683, 8
19684, 9
19685, 0
19686, 9
19687, 1
19688, 6
19689, 2
19690, 9
19691, 7
19692, 4
19693, 9
19694, 0
19695, 5
19696, 7
19697, 1
19698, 6
19699, 8
19700, 4
19701, 8
19702, 2
19703, 4
19704, 8
19705, 5
19706, 9
19707, 9
19708, 2
19709, 2
19710, 7
19711, 9
19712, 7
19713, 7
19714, 6
19715, 9
19716, 2
19717, 3
19718, 3
19719, 2
19720, 4
19721, 4
19722, 3
19723, 5
19724, 9
19725, 4
19726, 5
19727, 6
19728, 2
19729, 5
19730, 5
19731, 7
19732, 8
19733, 6
19734, 1
19735, 1
19736, 2
19737, 6
19738, 4
19739, 7
19740, 6
19741, 7
19742, 7
19743, 1
19744, 5
19745, 2
19746, 4
19747, 6
19748, 5
19749, 8
19750, 8
19751, 6
19752, 8
19753, 6
19754, 3
19755, 8
19756, 6
19757, 6
19758, 2
19759, 4
19760, 5
19761, 5
19762, 1
19763, 7
19764, 5
19765, 6
19766, 7
19767, 7
19768, 4
19769, 6
19770, 5
19771, 7
19772, 4
19773, 4
19774, 2
19775, 5
19776, 0
19777, 2
19778, 3
19779, 4
19780, 8
19781, 3
19782, 9
19783, 3
19784, 3
19785, 4
19786, 3
19787, 9
19788, 2
19789, 6
19790, 4
19791, 7
19792, 6
19793, 9
19794, 2
19795, 6
19796, 9
19797, 2
19798, 8
19799, 9
19800, 8
19801, 7
19802, 1
19803, 3
19804, 1
19805, 5
19806, 5
19807, 8
19808, 2
19809, 3
19810, 6
19811, 4
19812, 1
19813, 9
19814, 1
19815, 8
19816, 8
19817, 4
19818, 6
19819, 6
19820, 2
19821, 5
19822, 5
19823, 4
19824, 5
19825, 7
19826, 1
19827, 3
19828, 5
19829, 1
19830, 6
19831, 7
19832, 4
19833, 6
19834, 1
19835, 2
19836, 4
19837, 8
19838, 4
19839, 7
19840, 3
19841, 1
19842, 3
19843, 5
19844, 7
19845, 7
19846, 8
19847, 4
19848, 6
19849, 7
19850, 3
19851, 7
19852, 2
19853, 5
19854, 6
19855, 2
19856, 7
19857, 4
19858, 0
19859, 6
19860, 5
19861, 5
19862, 2
19863, 5
19864, 7
19865, 9
19866, 9
19867, 4
19868, 9
19869, 6
19870, 5
19871, 0
19872, 5
19873, 6
19874, 9
19875, 9
19876, 6
19877, 7
19878, 4
19879, 8
19880, 7
19881, 6
19882, 2
19883, 8
19884, 3
19885, 2
19886, 2
19887, 0
19888, 2
19889, 6
19890, 6
19891, 3
19892, 9
19893, 4
19894, 6
19895, 9
19896, 1
19897, 5
19898, 2
19899, 1
19900, 9
19901, 6
19902, 3
19903, 8
19904, 5
19905, 7
19906, 6
19907, 9
19908, 3
19909, 5
19910, 2
19911, 0
19912, 4
19913, 6
19914, 8
19915, 0
19916, 7
19917, 1
19918, 9
19919, 7
19920, 8
19921, 3
19922, 4
19923, 8
19924, 9
19925, 5
19926, 7
19927, 3
19928, 0
19929, 2
19930, 6
19931, 3
19932, 8
19933, 4
19934, 7
19935, 5
19936, 6
19937, 2
19938, 6
19939, 9
19940, 2
19941, 1
19942, 1
19943, 4
19944, 5
19945, 0
19946, 8
19947, 4
19948, 3
19949, 7
19950, 6
19951, 5
19952, 8
19953, 7
19954, 6
19955, 0
19956, 5
19957, 7
19958, 3
19959, 4
19960, 8
19961, 8
19962, 2
19963, 9
19964, 2
19965, 7
19966, 0
19967, 6
19968, 3
19969, 7
19970, 4
19971, 5
19972, 7
19973, 3
19974, 5
19975, 7
19976, 4
19977, 3
19978, 9
19979, 5
19980, 5
19981, 5
19982, 5
19983, 6
19984, 9
19985, 4
19986, 5
19987, 7
19988, 1
19989, 1
19990, 1
19991, 2
19992, 7
19993, 7
19994, 7
19995, 5
19996, 2
19997, 7
19998, 3
19999, 4
20000, 7
20001, 6
20002, 9
20003, 4
20004, 0
20005, 9
20006, 1
20007, 9
20008, 7
20009, 1
20010, 3
20011, 6
20012, 8
20013, 3
20014, 3
20015, 3
20016, 1
20017, 9
20018, 5
20019, 7
20020, 4
20021, 6
20022, 0
20023, 3
20024, 5
20025, 0
20026, 7
20027, 4
20028, 3
20029, 4
20030, 3
20031, 2
20032, 6
20033, 5
20034, 3
20035, 3
20036, 2
20037, 1
20038, 2
20039, 3
20040, 7
20041, 7
20042, 4
20043, 1
20044, 2
20045, 1
20046, 5
20047, 7
20048, 2
20049, 2
20050, 7
20051, 5
20052, 5
20053, 1
20054, 5
20055, 3
20056, 5
20057, 9
20058, 4
20059, 7
20060, 5
20061, 6
20062, 3
20063, 8
20064, 9
20065, 7
20066, 2
20067, 3
20068, 9
20069, 7
20070, 2
20071, 6
20072, 6
20073, 4
20074, 2
20075, 9
20076, 2
20077, 2
20078, 4
20079, 3
20080, 4
20081, 0
20082, 3
20083, 4
20084, 9
20085, 6
20086, 8
20087, 0
20088, 7
20089, 8
20090, 8
20091, 3
20092, 4
20093, 7
20094, 8
20095, 1
20096, 6
20097, 8
20098, 5
20099, 1
20100, 9
20101, 3
20102, 2
20103, 2
20104, 2
20105, 8
20106, 4
20107, 6
20108, 6
20109, 3
20110, 3
20111, 8
20112, 7
20113, 9
20114, 4
20115, 6
20116, 0
20117, 2
20118, 7
20119, 9
20120, 9
20121, 6
20122, 9
20123, 8
20124, 4
20125, 2
20126, 7
20127, 3
20128, 6
20129, 3
20130, 2
20131, 7
20132, 7
20133, 0
20134, 9
20135, 0
20136, 2
20137, 5
20138, 4
20139, 2
20140, 6
20141, 6
20142, 3
20143, 8
20144, 4
20145, 2
20146, 5
20147, 7
20148, 0
20149, 7
20150, 4
20151, 0
20152, 5
20153, 6
20154, 2
20155, 6
20156, 2
20157, 3
20158, 7
20159, 2
20160, 1
20161, 2
20162, 6
20163, 6
20164, 4
20165, 3
20166, 8
20167, 3
20168, 8
20169, 3
20170, 6
20171, 3
20172, 5
20173, 7
20174, 0
20175, 1
20176, 7
20177, 9
20178, 7
20179, 6
20180, 9
20181, 6
20182, 6
20183, 5
20184, 6
20185, 4
20186, 9
20187, 1
20188, 3
20189, 9
20190, 2
20191, 7
20192, 3
20193, 4
20194, 9
20195, 2
20196, 4
20197, 5
20198, 5
20199, 8
20200, 2
20201, 3
20202, 5
20203, 3
20204, 7
20205, 4
20206, 6
20207, 0
20208, 5
20209, 6
20210, 4
20211, 4
20212, 2
20213, 6
20214, 3
20215, 5
20216, 4
20217, 6
20218, 8
20219, 5
20220, 5
20221, 7
20222, 4
20223, 2
20224, 3
20225, 5
20226, 5
20227, 9
20228, 0
20229, 3
20230, 4
20231, 8
20232, 8
20233, 6
20234, 5
20235, 4
20236, 8
20237, 3
20238, 4
20239, 5
20240, 1
20241, 8
20242, 8
20243, 6
20244, 7
20245, 7
20246, 3
20247, 6
20248, 5
20249, 8
20250, 2
20251, 0
20252, 9
20253, 6
20254, 2
20255, 3
20256, 8
20257, 7
20258, 5
20259, 0
20260, 5
20261, 3
20262, 7
20263, 6
20264, 9
20265, 3
20266, 5
20267, 6
20268, 8
20269, 5
20270, 0
20271, 2
20272, 5
20273, 6
20274, 1
20275, 8
20276, 5
20277, 9
20278, 8
20279, 0
20280, 9
20281, 5
20282, 4
20283, 8
20284, 0
20285, 9
20286, 8
20287, 3
20288, 0
20289, 4
20290, 2
20291, 9
20292, 5
20293, 3
20294, 4
20295, 4
20296, 4
20297, 1
20298, 9
20299, 7
20300, 2
20301, 9
20302, 8
20303, 6
20304, 1
20305, 4
20306, 7
20307, 3
20308, 7
20309, 5
20310, 3
20311, 4
20312, 8
20313, 7
20314, 1
20315, 1
20316, 6
20317, 1
20318, 2
20319, 4
20320, 2
20321, 7
20322, 6
20323, 2
20324, 2
20325, 9
20326, 7
20327, 2
20328, 6
20329, 3
20330, 7
20331, 1
20332, 1
20333, 4
20334, 9
20335, 5
20336, 7
20337, 4
20338, 8
20339, 5
20340, 2
20341, 6
20342, 2
20343, 7
20344, 3
20345, 6
20346, 5
20347, 5
20348, 6
20349, 3
20350, 2
20351, 8
20352, 2
20353, 7
20354, 5
20355, 5
20356, 6
20357, 7
20358, 8
20359, 5
20360, 5
20361, 2
20362, 9
20363, 6
20364, 6
20365, 2
20366, 3
20367, 8
20368, 7
20369, 4
20370, 5
20371, 6
20372, 7
20373, 5
20374, 6
20375, 7
20376, 5
20377, 7
20378, 7
20379, 6
20380, 8
20381, 1
20382, 9
20383, 6
20384, 3
20385, 9
20386, 8
20387, 6
20388, 7
20389, 3
20390, 5
20391, 8
20392, 2
20393, 6
20394, 6
20395, 3
20396, 0
20397, 5
20398, 3
20399, 9
20400, 6
20401, 4
20402, 1
20403, 6
20404, 0
20405, 9
20406, 9
20407, 7
20408, 4
20409, 7
20410, 5
20411, 2
20412, 1
20413, 3
20414, 6
20415, 9
20416, 2
20417, 7
20418, 6
20419, 9
20420, 8
20421, 6
20422, 9
20423, 5
20424, 9
20425, 9
20426, 2
20427, 9
20428, 5
20429, 5
20430, 6
20431, 2
20432, 6
20433, 1
20434, 7
20435, 7
20436, 9
20437, 7
20438, 0
20439, 3
20440, 8
20441, 3
20442, 0
20443, 2
20444, 8
20445, 7
20446, 6
20447, 8
20448, 5
20449, 6
20450, 6
20451, 3
20452, 6
20453, 4
20454, 2
20455, 2
20456, 0
20457, 9
20458, 2
20459, 2
20460, 7
20461, 5
20462, 8
20463, 1
20464, 5
20465, 8
20466, 0
20467, 7
20468, 2
20469, 9
20470, 7
20471, 2
20472, 7
20473, 9
20474, 8
20475, 7
20476, 8
20477, 4
20478, 2
20479, 3
20480, 5
20481, 3
20482, 0
20483, 7
20484, 8
20485, 2
20486, 7
20487, 1
20488, 5
20489, 3
20490, 3
20491, 5
20492, 3
20493, 3
20494, 5
20495, 2
20496, 9
20497, 5
20498, 3
20499, 7
20500, 3
20501, 8
20502, 6
20503, 5
20504, 6
20505, 2
20506, 2
20507, 2
20508, 0
20509, 1
20510, 7
20511, 3
20512, 9
20513, 8
20514, 2
20515, 3
20516, 3
20517, 2
20518, 8
20519, 3
20520, 6
20521, 6
20522, 2
20523, 2
20524, 2
20525, 5
20526, 6
20527, 3
20528, 5
20529, 2
20530, 6
20531, 7
20532, 3
20533, 5
20534, 6
20535, 2
20536, 2
20537, 4
20538, 9
20539, 5
20540, 8
20541, 6
20542, 1
20543, 3
20544, 6
20545, 5
20546, 8
20547, 4
20548, 5
20549, 6
20550, 4
20551, 5
20552, 9
20553, 5
20554, 7
20555, 7
20556, 5
20557, 9
20558, 1
20559, 7
20560, 9
20561, 7
20562, 5
20563, 8
20564, 7
20565, 2
20566, 1
20567, 5
20568, 6
20569, 9
20570, 1
20571, 1
20572, 3
20573, 2
20574, 4
20575, 5
20576, 6
20577, 2
20578, 5
20579, 7
20580, 6
20581, 3
20582, 2
20583, 7
20584, 2
20585, 6
20586, 7
20587, 3
20588, 4
20589, 2
20590, 3
20591, 0
20592, 5
20593, 5
20594, 2
20595, 6
20596, 4
20597, 7
20598, 6
20599, 7
20600, 0
20601, 4
20602, 5
20603, 6
20604, 2
20605, 4
20606, 2
20607, 4
20608, 4
20609, 2
20610, 8
20611, 5
20612, 7
20613, 8
20614, 9
20615, 8
20616, 6
20617, 8
20618, 0
20619, 1
20620, 4
20621, 2
20622, 8
20623, 6
20624, 7
20625, 3
20626, 5
20627, 1
20628, 4
20629, 6
20630, 9
20631, 3
20632, 5
20633, 7
20634, 5
20635, 4
20636, 6
20637, 1
20638, 4
20639, 4
20640, 6
20641, 8
20642, 1
20643, 7
20644, 3
20645, 0
20646, 2
20647, 8
20648, 3
20649, 7
20650, 0
20651, 4
20652, 5
20653, 4
20654, 2
20655, 7
20656, 2
20657, 2
20658, 5
20659, 8
20660, 5
20661, 0
20662, 4
20663, 9
20664, 9
20665, 2
20666, 6
20667, 5
20668, 5
20669, 3
20670, 7
20671, 2
20672, 1
20673, 7
20674, 0
20675, 0
20676, 3
20677, 8
20678, 1
20679, 6
20680, 2
20681, 0
20682, 0
20683, 3
20684, 1
20685, 6
20686, 7
20687, 6
20688, 8
20689, 8
20690, 6
20691, 5
20692, 2
20693, 5
20694, 7
20695, 5
20696, 1
20697, 6
20698, 4
20699, 2
20700, 7
20701, 3
20702, 7
20703, 5
20704, 5
20705, 4
20706, 6
20707, 9
20708, 6
20709, 9
20710, 5
20711, 5
20712, 3
20713, 4
20714, 7
20715, 6
20716, 7
20717, 1
20718, 9
20719, 6
20720, 9
20721, 9
20722, 8
20723, 5
20724, 2
20725, 3
20726, 4
20727, 8
20728, 3
20729, 5
20730, 6
20731, 1
20732, 0
20733, 2
20734, 2
20735, 9
20736, 3
20737, 1
20738, 6
20739, 2
20740, 7
20741, 2
20742, 7
20743, 2
20744, 0
20745, 7
20746, 8
20747, 4
20748, 4
20749, 2
20750, 5
20751, 9
20752, 4
20753, 2
20754, 7
20755, 1
20756, 8
20757, 2
20758, 5
20759, 7
20760, 3
20761, 3
20762, 2
20763, 5
20764, 8
20765, 2
20766, 5
20767, 3
20768, 9
20769, 2
20770, 5
20771, 6
20772, 4
20773, 3
20774, 5
20775, 3
20776, 5
20777, 2
20778, 8
20779, 9
20780, 0
20781, 3
20782, 6
20783, 5
20784, 6
20785, 6
20786, 5
20787, 8
20788, 7
20789, 6
20790, 2
20791, 9
20792, 2
20793, 2
20794, 7
20795, 9
20796, 6
20797, 7
20798, 2
20799, 2
20800, 9
20801, 2
20802, 8
20803, 1
20804, 2
20805, 9
20806, 2
20807, 8
20808, 2
20809, 4
20810, 5
20811, 3
20812, 8
20813, 6
20814, 1
20815, 2
20816, 5
20817, 6
20818, 4
20819, 9
20820, 0
20821, 0
20822, 3
20823, 5
20824, 7
20825, 2
20826, 6
20827, 9
20828, 9
20829, 7
20830, 2
20831, 5
20832, 7
20833, 7
20834, 5
20835, 6
20836, 4
20837, 6
20838, 5
20839, 7
20840, 5
20841, 4
20842, 2
20843, 9
20844, 2
20845, 4
20846, 4
20847, 2
20848, 3
20849, 7
20850, 3
20851, 6
20852, 5
20853, 6
20854, 5
20855, 5
20856, 3
20857, 2
20858, 9
20859, 5
20860, 4
20861, 8
20862, 2
20863, 7
20864, 5
20865, 7
20866, 1
20867, 7
20868, 2
20869, 5
20870, 2
20871, 2
20872, 2
20873, 7
20874, 2
20875, 5
20876, 3
20877, 3
20878, 5
20879, 3
20880, 4
20881, 5
20882, 2
20883, 9
20884, 0
20885, 4
20886, 3
20887, 2
20888, 8
20889, 5
20890, 7
20891, 1
20892, 5
20893, 4
20894, 6
20895, 9
20896, 3
20897, 6
20898, 5
20899, 4
20900, 6
20901, 9
20902, 6
20903, 6
20904, 5
20905, 8
20906, 8
20907, 5
20908, 8
20909, 2
20910, 4
20911, 6
20912, 1
20913, 2
20914, 8
20915, 2
20916, 8
20917, 0
20918, 0
20919, 2
20920, 5
20921, 1
20922, 6
20923, 6
20924, 9
20925, 2
20926, 9
20927, 7
20928, 9
20929, 9
20930, 7
20931, 2
20932, 6
20933, 6
20934, 6
20935, 3
20936, 4
20937, 6
20938, 3
20939, 9
20940, 5
20941, 6
20942, 7
20943, 5
20944, 8
20945, 3
20946, 5
20947, 9
20948, 1
20949, 3
20950, 6
20951, 1
20952, 2
20953, 6
20954, 3
20955, 7
20956, 5
20957, 9
20958, 2
20959, 7
20960, 6
20961, 4
20962, 7
20963, 9
20964, 3
20965, 7
20966, 5
20967, 2
20968, 2
20969, 8
20970, 5
20971, 5
20972, 6
20973, 6
20974, 3
20975, 5
20976, 5
20977, 4
20978, 2
20979, 6
20980, 3
20981, 6
20982, 4
20983, 7
20984, 2
20985, 7
20986, 2
20987, 8
20988, 4
20989, 6
20990, 3
20991, 7
20992, 8
20993, 9
20994, 3
20995, 9
20996, 3
20997, 6
20998, 8
20999, 0
21000, 4
21001, 2
21002, 5
21003, 8
21004, 5
21005, 7
21006, 3
21007, 5
21008, 4
21009, 4
21010, 3
21011, 5
21012, 1
21013, 7
21014, 6
21015, 5
21016, 8
21017, 7
21018, 5
21019, 4
21020, 7
21021, 2
21022, 8
21023, 5
21024, 2
21025, 7
21026, 6
21027, 2
21028, 1
21029, 7
21030, 2
21031, 4
21032, 6
21033, 7
21034, 7
21035, 2
21036, 2
21037, 1
21038, 5
21039, 5
21040, 5
21041, 4
21042, 9
21043, 9
21044, 5
21045, 6
21046, 3
21047, 2
21048, 3
21049, 2
21050, 3
21051, 5
21052, 5
21053, 6
21054, 1
21055, 5
21056, 5
21057, 0
21058, 9
21059, 2
21060, 1
21061, 9
21062, 7
21063, 2
21064, 7
21065, 5
21066, 9
21067, 2
21068, 5
21069, 4
21070, 6
21071, 7
21072, 6
21073, 9
21074, 4
21075, 7
21076, 3
21077, 7
21078, 8
21079, 7
21080, 1
21081, 3
21082, 5
21083, 9
21084, 0
21085, 4
21086, 7
21087, 5
21088, 4
21089, 9
21090, 0
21091, 7
21092, 4
21093, 8
21094, 8
21095, 7
21096, 9
21097, 4
21098, 3
21099, 6
21100, 6
21101, 2
21102, 0
21103, 9
21104, 1
21105, 7
21106, 6
21107, 8
21108, 7
21109, 4
21110, 5
21111, 7
21112, 0
21113, 2
21114, 8
21115, 9
21116, 2
21117, 1
21118, 5
21119, 7
21120, 9
21121, 5
21122, 5
21123, 2
21124, 2
21125, 9
21126, 3
21127, 1
21128, 7
21129, 8
21130, 7
21131, 4
21132, 9
21133, 6
21134, 5
21135, 4
21136, 0
21137, 7
21138, 3
21139, 9
21140, 9
21141, 6
21142, 3
21143, 6
21144, 7
21145, 5
21146, 8
21147, 5
21148, 7
21149, 3
21150, 5
21151, 4
21152, 0
21153, 8
21154, 3
21155, 8
21156, 6
21157, 5
21158, 8
21159, 2
21160, 3
21161, 7
21162, 8
21163, 2
21164, 2
21165, 1
21166, 8
21167, 6
21168, 2
21169, 2
21170, 3
21171, 6
21172, 2
21173, 7
21174, 6
21175, 6
21176, 3
21177, 7
21178, 5
21179, 8
21180, 4
21181, 0
21182, 6
21183, 6
21184, 5
21185, 5
21186, 5
21187, 3
21188, 3
21189, 7
21190, 8
21191, 1
21192, 3
21193, 9
21194, 4
21195, 5
21196, 1
21197, 6
21198, 6
21199, 6
21200, 3
21201, 2
21202, 0
21203, 4
21204, 2
21205, 5
21206, 0
21207, 1
21208, 9
21209, 3
21210, 7
21211, 0
21212, 3
21213, 9
21214, 1
21215, 6
21216, 6
21217, 9
21218, 2
21219, 5
21220, 5
21221, 5
21222, 8
21223, 5
21224, 4
21225, 5
21226, 2
21227, 6
21228, 7
21229, 5
21230, 6
21231, 6
21232, 3
21233, 1
21234, 6
21235, 6
21236, 5
21237, 3
21238, 5
21239, 6
21240, 4
21241, 5
21242, 6
21243, 4
21244, 3
21245, 6
21246, 5
21247, 8
21248, 7
21249, 6
21250, 5
21251, 7
21252, 7
21253, 5
21254, 8
21255, 3
21256, 8
21257, 2
21258, 8
21259, 4
21260, 3
21261, 4
21262, 8
21263, 4
21264, 8
21265, 9
21266, 2
21267, 3
21268, 2
21269, 7
21270, 4
21271, 2
21272, 6
21273, 2
21274, 2
21275, 5
21276, 3
21277, 3
21278, 3
21279, 2
21280, 4
21281, 6
21282, 6
21283, 1
21284, 2
21285, 8
21286, 4
21287, 2
21288, 8
21289, 7
21290, 5
21291, 5
21292, 2
21293, 3
21294, 7
21295, 9
21296, 1
21297, 4
21298, 9
21299, 2
21300, 7
21301, 8
21302, 7
21303, 6
21304, 8
21305, 3
21306, 4
21307, 7
21308, 6
21309, 7
21310, 0
21311, 7
21312, 2
21313, 0
21314, 7
21315, 2
21316, 1
21317, 7
21318, 3
21319, 2
21320, 9
21321, 7
21322, 5
21323, 1
21324, 7
21325, 7
21326, 8
21327, 9
21328, 2
21329, 4
21330, 6
21331, 8
21332, 9
21333, 7
21334, 5
21335, 8
21336, 7
21337, 6
21338, 5
21339, 7
21340, 1
21341, 5
21342, 2
21343, 4
21344, 1
21345, 8
21346, 6
21347, 2
21348, 3
21349, 3
21350, 9
21351, 6
21352, 3
21353, 6
21354, 5
21355, 2
21356, 7
21357, 3
21358, 6
21359, 8
21360, 4
21361, 7
21362, 6
21363, 7
21364, 1
21365, 0
21366, 8
21367, 2
21368, 8
21369, 8
21370, 6
21371, 2
21372, 6
21373, 7
21374, 8
21375, 6
21376, 8
21377, 5
21378, 2
21379, 0
21380, 0
21381, 9
21382, 7
21383, 3
21384, 5
21385, 5
21386, 5
21387, 6
21388, 1
21389, 4
21390, 8
21391, 2
21392, 8
21393, 9
21394, 6
21395, 2
21396, 3
21397, 4
21398, 7
21399, 2
21400, 0
21401, 7
21402, 3
21403, 6
21404, 6
21405, 4
21406, 6
21407, 3
21408, 4
21409, 2
21410, 4
21411, 2
21412, 8
21413, 2
21414, 7
21415, 6
21416, 6
21417, 6
21418, 5
21419, 1
21420, 6
21421, 0
21422, 6
21423, 9
21424, 3
21425, 0
21426, 4
21427, 6
21428, 5
21429, 3
21430, 2
21431, 6
21432, 7
21433, 6
21434, 0
21435, 2
21436, 5
21437, 5
21438, 3
21439, 3
21440, 9
21441, 3
21442, 4
21443, 2
21444, 6
21445, 6
21446, 2
21447, 1
21448, 3
21449, 6
21450, 6
21451, 0
21452, 5
21453, 6
21454, 3
21455, 7
21456, 1
21457, 2
21458, 5
21459, 8
21460, 1
21461, 6
21462, 7
21463, 7
21464, 2
21465, 0
21466, 8
21467, 3
21468, 3
21469, 0
21470, 9
21471, 3
21472, 5
21473, 2
21474, 2
21475, 6
21476, 0
21477, 5
21478, 2
21479, 6
21480, 6
21481, 1
21482, 4
21483, 7
21484, 6
21485, 1
21486, 6
21487, 9
21488, 3
21489, 5
21490, 1
21491, 9
21492, 4
21493, 9
21494, 3
21495, 5
21496, 2
21497, 4
21498, 6
21499, 2
21500, 8
21501, 8
21502, 3
21503, 3
21504, 7
21505, 2
21506, 5
21507, 1
21508, 5
21509, 9
21510, 5
21511, 5
21512, 8
21513, 5
21514, 1
21515, 5
21516, 4
21517, 8
21518, 1
21519, 8
21520, 8
21521, 5
21522, 7
21523, 9
21524, 2
21525, 0
21526, 8
21527, 1
21528, 4
21529, 8
21530, 7
21531, 1
21532, 5
21533, 4
21534, 5
21535, 1
21536, 9
21537, 4
21538, 6
21539, 7
21540, 5
21541, 4
21542, 8
21543, 9
21544, 8
21545, 2
21546, 3
21547, 6
21548, 7
21549, 8
21550, 6
21551, 6
21552, 9
21553, 6
21554, 3
21555, 8
21556, 8
21557, 5
21558, 3
21559, 0
21560, 7
21561, 2
21562, 5
21563, 7
21564, 4
21565, 7
21566, 5
21567, 8
21568, 5
21569, 0
21570, 9
21571, 8
21572, 0
21573, 6
21574, 6
21575, 5
21576, 6
21577, 7
21578, 5
21579, 5
21580, 3
21581, 6
21582, 7
21583, 6
21584, 5
21585, 5
21586, 8
21587, 5
21588, 3
21589, 2
21590, 5
21591, 2
21592, 2
21593, 3
21594, 6
21595, 1
21596, 0
21597, 5
21598, 2
21599, 9
21600, 7
21601, 4
21602, 5
21603, 2
21604, 2
21605, 1
21606, 6
21607, 0
21608, 5
21609, 1
21610, 3
21611, 3
21612, 5
21613, 5
21614, 3
21615, 1
21616, 0
21617, 2
21618, 2
21619, 5
21620, 8
21621, 5
21622, 4
21623, 5
21624, 9
21625, 6
21626, 4
21627, 0
21628, 4
21629, 4
21630, 3
21631, 2
21632, 7
21633, 1
21634, 8
21635, 3
21636, 0
21637, 8
21638, 6
21639, 6
21640, 1
21641, 2
21642, 7
21643, 2
21644, 2
21645, 2
21646, 4
21647, 9
21648, 9
21649, 5
21650, 9
21651, 7
21652, 2
21653, 3
21654, 2
21655, 1
21656, 5
21657, 9
21658, 7
21659, 2
21660, 0
21661, 8
21662, 7
21663, 1
21664, 6
21665, 7
21666, 3
21667, 6
21668, 3
21669, 5
21670, 7
21671, 1
21672, 8
21673, 5
21674, 8
21675, 9
21676, 6
21677, 5
21678, 3
21679, 6
21680, 7
21681, 7
21682, 2
21683, 6
21684, 4
21685, 4
21686, 5
21687, 3
21688, 4
21689, 6
21690, 6
21691, 6
21692, 5
21693, 6
21694, 4
21695, 8
21696, 8
21697, 7
21698, 5
21699, 6
21700, 5
21701, 2
21702, 6
21703, 9
21704, 5
21705, 5
21706, 8
21707, 0
21708, 2
21709, 0
21710, 1
21711, 9
21712, 4
21713, 1
21714, 5
21715, 8
21716, 1
21717, 8
21718, 7
21719, 6
21720, 7
21721, 7
21722, 0
21723, 2
21724, 7
21725, 5
21726, 2
21727, 8
21728, 0
21729, 3
21730, 6
21731, 6
21732, 6
21733, 2
21734, 8
21735, 3
21736, 3
21737, 9
21738, 9
21739, 2
21740, 3
21741, 8
21742, 2
21743, 6
21744, 7
21745, 2
21746, 3
21747, 9
21748, 8
21749, 7
21750, 0
21751, 2
21752, 5
21753, 6
21754, 5
21755, 7
21756, 9
21757, 3
21758, 4
21759, 0
21760, 2
21761, 6
21762, 0
21763, 7
21764, 5
21765, 4
21766, 1
21767, 5
21768, 8
21769, 0
21770, 1
21771, 9
21772, 6
21773, 1
21774, 6
21775, 5
21776, 8
21777, 6
21778, 5
21779, 9
21780, 7
21781, 9
21782, 9
21783, 2
21784, 6
21785, 9
21786, 6
21787, 0
21788, 2
21789, 5
21790, 4
21791, 7
21792, 6
21793, 2
21794, 5
21795, 6
21796, 7
21797, 5
21798, 6
21799, 5
21800, 6
21801, 1
21802, 2
21803, 0
21804, 3
21805, 4
21806, 4
21807, 7
21808, 3
21809, 0
21810, 6
21811, 9
21812, 5
21813, 7
21814, 4
21815, 6
21816, 3
21817, 7
21818, 5
21819, 6
21820, 3
21821, 1
21822, 1
21823, 8
21824, 3
21825, 4
21826, 2
21827, 6
21828, 3
21829, 1
21830, 9
21831, 4
21832, 3
21833, 3
21834, 7
21835, 9
21836, 4
21837, 6
21838, 0
21839, 3
21840, 7
21841, 5
21842, 2
21843, 6
21844, 1
21845, 9
21846, 3
21847, 5
21848, 8
21849, 3
21850, 0
21851, 3
21852, 0
21853, 5
21854, 8
21855, 3
21856, 8
21857, 5
21858, 2
21859, 4
21860, 8
21861, 9
21862, 7
21863, 8
21864, 3
21865, 7
21866, 8
21867, 1
21868, 5
21869, 2
21870, 0
21871, 7
21872, 2
21873, 3
21874, 6
21875, 4
21876, 1
21877, 5
21878, 7
21879, 0
21880, 3
21881, 5
21882, 3
21883, 6
21884, 6
21885, 5
21886, 3
21887, 6
21888, 5
21889, 9
21890, 0
21891, 4
21892, 6
21893, 8
21894, 0
21895, 4
21896, 4
21897, 5
21898, 2
21899, 9
21900, 9
21901, 3
21902, 7
21903, 3
21904, 1
21905, 3
21906, 8
21907, 9
21908, 7
21909, 4
21910, 3
21911, 1
21912, 5
21913, 2
21914, 3
21915, 7
21916, 1
21917, 4
21918, 9
21919, 5
21920, 7
21921, 1
21922, 4
21923, 7
21924, 9
21925, 0
21926, 7
21927, 0
21928, 3
21929, 3
21930, 8
21931, 1
21932, 0
21933, 5
21934, 1
21935, 6
21936, 7
21937, 3
21938, 9
21939, 4
21940, 3
21941, 5
21942, 6
21943, 7
21944, 7
21945, 2
21946, 5
21947, 1
21948, 5
21949, 6
21950, 6
21951, 8
21952, 9
21953, 5
21954, 6
21955, 5
21956, 7
21957, 1
21958, 4
21959, 4
21960, 2
21961, 1
21962, 2
21963, 2
21964, 3
21965, 4
21966, 1
21967, 5
21968, 6
21969, 2
21970, 2
21971, 2
21972, 8
21973, 9
21974, 5
21975, 2
21976, 6
21977, 5
21978, 4
21979, 1
21980, 3
21981, 9
21982, 1
21983, 6
21984, 7
21985, 6
21986, 8
21987, 3
21988, 6
21989, 2
21990, 6
21991, 9
21992, 8
21993, 4
21994, 9
21995, 5
21996, 5
21997, 2
21998, 2
21999, 6
22000, 5
22001, 4
22002, 5
22003, 6
22004, 3
22005, 6
22006, 1
22007, 0
22008, 4
22009, 3
22010, 6
22011, 2
22012, 3
22013, 5
22014, 8
22015, 8
22016, 6
22017, 6
22018, 6
22019, 2
22020, 5
22021, 5
22022, 3
22023, 9
22024, 9
22025, 7
22026, 0
22027, 2
22028, 6
22029, 9
22030, 4
22031, 7
22032, 6
22033, 2
22034, 1
22035, 3
22036, 6
22037, 5
22038, 7
22039, 5
22040, 6
22041, 2
22042, 5
22043, 2
22044, 6
22045, 4
22046, 6
22047, 3
22048, 1
22049, 6
22050, 5
22051, 7
22052, 5
22053, 4
22054, 7
22055, 6
22056, 0
22057, 9
22058, 0
22059, 7
22060, 1
22061, 6
22062, 5
22063, 0
22064, 2
22065, 6
22066, 8
22067, 2
22068, 8
22069, 8
22070, 7
22071, 4
22072, 4
22073, 9
22074, 4
22075, 9
22076, 4
22077, 6
22078, 6
22079, 5
22080, 4
22081, 6
22082, 8
22083, 7
22084, 4
22085, 7
22086, 6
22087, 4
22088, 6
22089, 4
22090, 5
22091, 3
22092, 8
22093, 1
22094, 4
22095, 1
22096, 5
22097, 8
22098, 7
22099, 3
22100, 3
22101, 5
22102, 6
22103, 6
22104, 2
22105, 5
22106, 6
22107, 4
22108, 6
22109, 6
22110, 6
22111, 8
22112, 5
22113, 8
22114, 4
22115, 7
22116, 1
22117, 7
22118, 8
22119, 9
22120, 3
22121, 5
22122, 3
22123, 7
22124, 5
22125, 2
22126, 9
22127, 4
22128, 0
22129, 3
22130, 5
22131, 6
22132, 8
22133, 7
22134, 4
22135, 2
22136, 5
22137, 2
22138, 4
22139, 6
22140, 7
22141, 6
22142, 7
22143, 9
22144, 3
22145, 0
22146, 5
22147, 6
22148, 4
22149, 2
22150, 7
22151, 3
22152, 2
22153, 6
22154, 7
22155, 6
22156, 8
22157, 6
22158, 4
22159, 6
22160, 5
22161, 5
22162, 6
22163, 8
22164, 7
22165, 7
22166, 6
22167, 7
22168, 5
22169, 0
22170, 3
22171, 8
22172, 6
22173, 5
22174, 8
22175, 5
22176, 7
22177, 7
22178, 9
22179, 6
22180, 0
22181, 1
22182, 2
22183, 4
22184, 6
22185, 6
22186, 8
22187, 3
22188, 7
22189, 7
22190, 6
22191, 9
22192, 5
22193, 8
22194, 9
22195, 7
22196, 7
22197, 1
22198, 2
22199, 2
22200, 5
22201, 7
22202, 6
22203, 0
22204, 2
22205, 8
22206, 6
22207, 6
22208, 4
22209, 0
22210, 1
22211, 9
22212, 7
22213, 7
22214, 4
22215, 2
22216, 5
22217, 0
22218, 4
22219, 2
22220, 4
22221, 5
22222, 7
22223, 5
22224, 7
22225, 2
22226, 6
22227, 7
22228, 6
22229, 5
22230, 3
22231, 9
22232, 1
22233, 2
22234, 3
22235, 8
22236, 1
22237, 5
22238, 0
22239, 6
22240, 7
22241, 4
22242, 7
22243, 2
22244, 3
22245, 6
22246, 6
22247, 2
22248, 7
22249, 5
22250, 4
22251, 3
22252, 7
22253, 4
22254, 8
22255, 7
22256, 1
22257, 4
22258, 8
22259, 5
22260, 6
22261, 4
22262, 0
22263, 6
22264, 8
22265, 4
22266, 3
22267, 5
22268, 3
22269, 5
22270, 0
22271, 6
22272, 0
22273, 4
22274, 2
22275, 6
22276, 6
22277, 2
22278, 3
22279, 0
22280, 7
22281, 6
22282, 3
22283, 2
22284, 2
22285, 7
22286, 1
22287, 9
22288, 0
22289, 6
22290, 5
22291, 6
22292, 2
22293, 7
22294, 3
22295, 3
22296, 5
22297, 3
22298, 3
22299, 2
22300, 0
22301, 3
22302, 8
22303, 6
22304, 3
22305, 5
22306, 5
22307, 8
22308, 7
22309, 9
22310, 2
22311, 7
22312, 2
22313, 5
22314, 6
22315, 2
22316, 4
22317, 2
22318, 0
22319, 8
22320, 8
22321, 6
22322, 0
22323, 0
22324, 5
22325, 3
22326, 9
22327, 0
22328, 4
22329, 6
22330, 7
22331, 2
22332, 3
22333, 4
22334, 3
22335, 7
22336, 6
22337, 2
22338, 3
22339, 8
22340, 1
22341, 7
22342, 9
22343, 7
22344, 8
22345, 4
22346, 7
22347, 6
22348, 6
22349, 1
22350, 6
22351, 0
22352, 7
22353, 7
22354, 1
22355, 9
22356, 5
22357, 5
22358, 8
22359, 9
22360, 8
22361, 3
22362, 5
22363, 9
22364, 6
22365, 1
22366, 9
22367, 8
22368, 5
22369, 2
22370, 4
22371, 4
22372, 3
22373, 5
22374, 5
22375, 3
22376, 2
22377, 0
22378, 8
22379, 5
22380, 8
22381, 8
22382, 6
22383, 5
22384, 1
22385, 9
22386, 9
22387, 3
22388, 1
22389, 1
22390, 3
22391, 6
22392, 3
22393, 3
22394, 8
22395, 2
22396, 6
22397, 3
22398, 9
22399, 8
22400, 7
22401, 8
22402, 5
22403, 8
22404, 6
22405, 6
22406, 3
22407, 0
22408, 6
22409, 2
22410, 0
22411, 2
22412, 5
22413, 8
22414, 6
22415, 3
22416, 4
22417, 2
22418, 4
22419, 8
22420, 7
22421, 5
22422, 7
22423, 6
22424, 6
22425, 3
22426, 1
22427, 3
22428, 3
22429, 0
22430, 2
22431, 7
22432, 5
22433, 4
22434, 2
22435, 1
22436, 8
22437, 0
22438, 6
22439, 6
22440, 4
22441, 5
22442, 1
22443, 3
22444, 3
22445, 8
22446, 6
22447, 3
22448, 4
22449, 6
22450, 9
22451, 6
22452, 8
22453, 6
22454, 8
22455, 8
22456, 8
22457, 7
22458, 7
22459, 3
22460, 6
22461, 8
22462, 1
22463, 7
22464, 6
22465, 7
22466, 0
22467, 1
22468, 7
22469, 2
22470, 7
22471, 2
22472, 5
22473, 5
22474, 3
22475, 6
22476, 6
22477, 6
22478, 9
22479, 8
22480, 6
22481, 6
22482, 9
22483, 5
22484, 5
22485, 6
22486, 9
22487, 0
22488, 2
22489, 5
22490, 4
22491, 0
22492, 4
22493, 5
22494, 5
22495, 6
22496, 6
22497, 1
22498, 4
22499, 2
22500, 4
22501, 8
22502, 7
22503, 7
22504, 9
22505, 5
22506, 6
22507, 5
22508, 7
22509, 8
22510, 6
22511, 5
22512, 5
22513, 8
22514, 0
22515, 4
22516, 8
22517, 0
22518, 6
22519, 4
22520, 3
22521, 2
22522, 1
22523, 7
22524, 6
22525, 5
22526, 7
22527, 2
22528, 0
22529, 5
22530, 0
22531, 3
22532, 2
22533, 5
22534, 6
22535, 4
22536, 9
22537, 5
22538, 8
22539, 6
22540, 5
22541, 5
22542, 2
22543, 3
22544, 5
22545, 0
22546, 1
22547, 8
22548, 5
22549, 9
22550, 5
22551, 6
22552, 7
22553, 7
22554, 8
22555, 3
22556, 6
22557, 2
22558, 0
22559, 1
22560, 2
22561, 4
22562, 1
22563, 2
22564, 7
22565, 6
22566, 8
22567, 6
22568, 7
22569, 3
22570, 6
22571, 7
22572, 7
22573, 6
22574, 2
22575, 2
22576, 5
22577, 0
22578, 1
22579, 3
22580, 6
22581, 0
22582, 1
22583, 7
22584, 5
22585, 2
22586, 9
22587, 6
22588, 5
22589, 4
22590, 3
22591, 1
22592, 8
22593, 5
22594, 4
22595, 7
22596, 7
22597, 5
22598, 0
22599, 1
22600, 8
22601, 4
22602, 5
22603, 7
22604, 9
22605, 2
22606, 4
22607, 3
22608, 4
22609, 9
22610, 2
22611, 7
22612, 6
22613, 6
22614, 8
22615, 4
22616, 3
22617, 4
22618, 4
22619, 1
22620, 2
22621, 4
22622, 9
22623, 7
22624, 3
22625, 1
22626, 1
22627, 1
22628, 4
22629, 5
22630, 0
22631, 2
22632, 8
22633, 4
22634, 3
22635, 4
22636, 9
22637, 1
22638, 1
22639, 8
22640, 1
22641, 0
22642, 7
22643, 2
22644, 8
22645, 2
22646, 7
22647, 3
22648, 7
22649, 2
22650, 9
22651, 6
22652, 1
22653, 5
22654, 6
22655, 7
22656, 5
22657, 1
22658, 5
22659, 9
22660, 2
22661, 0
22662, 1
22663, 8
22664, 6
22665, 5
22666, 6
22667, 4
22668, 7
22669, 8
22670, 6
22671, 5
22672, 5
22673, 1
22674, 4
22675, 6
22676, 4
22677, 2
22678, 7
22679, 4
22680, 3
22681, 5
22682, 2
22683, 4
22684, 2
22685, 3
22686, 5
22687, 4
22688, 6
22689, 6
22690, 6
22691, 8
22692, 3
22693, 9
22694, 1
22695, 6
22696, 7
22697, 5
22698, 5
22699, 8
22700, 6
22701, 6
22702, 2
22703, 7
22704, 2
22705, 9
22706, 9
22707, 1
22708, 4
22709, 5
22710, 3
22711, 3
22712, 6
22713, 6
22714, 4
22715, 2
22716, 1
22717, 8
22718, 2
22719, 7
22720, 2
22721, 3
22722, 5
22723, 9
22724, 6
22725, 0
22726, 4
22727, 3
22728, 6
22729, 5
22730, 2
22731, 9
22732, 6
22733, 8
22734, 4
22735, 6
22736, 9
22737, 8
22738, 3
22739, 6
22740, 6
22741, 1
22742, 6
22743, 8
22744, 8
22745, 7
22746, 8
22747, 1
22748, 3
22749, 3
22750, 7
22751, 2
22752, 2
22753, 0
22754, 8
22755, 5
22756, 9
22757, 6
22758, 8
22759, 2
22760, 1
22761, 0
22762, 0
22763, 5
22764, 3
22765, 5
22766, 7
22767, 0
22768, 7
22769, 6
22770, 4
22771, 4
22772, 4
22773, 6
22774, 3
22775, 5
22776, 6
22777, 9
22778, 7
22779, 7
22780, 6
22781, 0
22782, 3
22783, 6
22784, 4
22785, 2
22786, 0
22787, 7
22788, 3
22789, 6
22790, 7
22791, 7
22792, 4
22793, 8
22794, 5
22795, 0
22796, 7
22797, 1
22798, 5
22799, 5
22800, 6
22801, 2
22802, 6
22803, 6
22804, 7
22805, 3
22806, 1
22807, 8
22808, 9
22809, 5
22810, 4
22811, 6
22812, 3
22813, 8
22814, 1
22815, 7
22816, 2
22817, 8
22818, 5
22819, 7
22820, 4
22821, 6
22822, 6
22823, 4
22824, 3
22825, 2
22826, 5
22827, 8
22828, 4
22829, 6
22830, 4
22831, 6
22832, 9
22833, 3
22834, 3
22835, 0
22836, 2
22837, 8
22838, 6
22839, 6
22840, 3
22841, 7
22842, 2
22843, 4
22844, 3
22845, 5
22846, 6
22847, 5
22848, 6
22849, 6
22850, 0
22851, 2
22852, 6
22853, 7
22854, 8
22855, 0
22856, 6
22857, 2
22858, 5
22859, 5
22860, 3
22861, 5
22862, 5
22863, 4
22864, 6
22865, 8
22866, 1
22867, 5
22868, 4
22869, 6
22870, 5
22871, 5
22872, 5
22873, 0
22874, 0
22875, 3
22876, 5
22877, 2
22878, 4
22879, 9
22880, 9
22881, 4
22882, 6
22883, 0
22884, 8
22885, 6
22886, 6
22887, 2
22888, 2
22889, 1
22890, 9
22891, 4
22892, 6
22893, 2
22894, 6
22895, 6
22896, 1
22897, 5
22898, 6
22899, 2
22900, 8
22901, 4
22902, 5
22903, 3
22904, 4
22905, 1
22906, 2
22907, 0
22908, 1
22909, 4
22910, 7
22911, 8
22912, 3
22913, 8
22914, 8
22915, 8
22916, 4
22917, 5
22918, 5
22919, 9
22920, 2
22921, 6
22922, 2
22923, 2
22924, 3
22925, 4
22926, 4
22927, 5
22928, 5
22929, 6
22930, 6
22931, 5
22932, 4
22933, 1
22934, 3
22935, 0
22936, 8
22937, 0
22938, 8
22939, 5
22940, 4
22941, 2
22942, 5
22943, 7
22944, 8
22945, 6
22946, 1
22947, 4
22948, 3
22949, 2
22950, 6
22951, 5
22952, 8
22953, 8
22954, 6
22955, 1
22956, 5
22957, 0
22958, 0
22959, 6
22960, 5
22961, 5
22962, 4
22963, 8
22964, 0
22965, 7
22966, 6
22967, 1
22968, 4
22969, 5
22970, 3
22971, 1
22972, 3
22973, 3
22974, 4
22975, 3
22976, 8
22977, 0
22978, 5
22979, 5
22980, 7
22981, 4
22982, 9
22983, 3
22984, 7
22985, 8
22986, 0
22987, 6
22988, 8
22989, 8
22990, 4
22991, 2
22992, 5
22993, 0
22994, 1
22995, 2
22996, 5
22997, 7
22998, 8
22999, 7
23000, 3
23001, 4
23002, 7
23003, 7
23004, 9
23005, 1
23006, 5
23007, 5
23008, 3
23009, 3
23010, 1
23011, 6
23012, 3
23013, 2
23014, 4
23015, 7
23016, 5
23017, 1
23018, 6
23019, 1
23020, 4
23021, 2
23022, 6
23023, 8
23024, 2
23025, 9
23026, 6
23027, 5
23028, 5
23029, 6
23030, 3
23031, 5
23032, 3
23033, 2
23034, 6
23035, 0
23036, 2
23037, 1
23038, 7
23039, 4
23040, 6
23041, 6
23042, 9
23043, 5
23044, 6
23045, 4
23046, 7
23047, 6
23048, 3
23049, 6
23050, 6
23051, 2
23052, 4
23053, 1
23054, 8
23055, 5
23056, 7
23057, 9
23058, 9
23059, 9
23060, 4
23061, 6
23062, 5
23063, 8
23064, 9
23065, 0
23066, 9
23067, 5
23068, 2
23069, 5
23070, 6
23071, 2
23072, 5
23073, 4
23074, 5
23075, 8
23076, 0
23077, 1
23078, 5
23079, 4
23080, 6
23081, 5
23082, 6
23083, 2
23084, 0
23085, 6
23086, 1
23087, 2
23088, 6
23089, 1
23090, 2
23091, 6
23092, 6
23093, 8
23094, 2
23095, 7
23096, 7
23097, 7
23098, 3
23099, 8
23100, 6
23101, 6
23102, 8
23103, 8
23104, 5
23105, 1
23106, 5
23107, 6
23108, 4
23109, 7
23110, 5
23111, 5
23112, 8
23113, 2
23114, 5
23115, 6
23116, 0
23117, 5
23118, 3
23119, 7
23120, 4
23121, 9
23122, 9
23123, 5
23124, 7
23125, 2
23126, 7
23127, 9
23128, 8
23129, 5
23130, 2
23131, 4
23132, 3
23133, 3
23134, 2
23135, 6
23136, 3
23137, 6
23138, 6
23139, 4
23140, 2
23141, 7
23142, 5
23143, 0
23144, 2
23145, 8
23146, 0
23147, 7
23148, 7
23149, 5
23150, 2
23151, 8
23152, 5
23153, 2
23154, 1
23155, 1
23156, 5
23157, 6
23158, 2
23159, 5
23160, 7
23161, 7
23162, 2
23163, 5
23164, 2
23165, 3
23166, 8
23167, 8
23168, 6
23169, 3
23170, 6
23171, 9
23172, 5
23173, 6
23174, 7
23175, 6
23176, 5
23177, 1
23178, 5
23179, 1
23180, 5
23181, 7
23182, 0
23183, 5
23184, 2
23185, 6
23186, 6
23187, 7
23188, 5
23189, 7
23190, 2
23191, 4
23192, 0
23193, 1
23194, 5
23195, 6
23196, 2
23197, 2
23198, 7
23199, 5
23200, 1
23201, 6
23202, 2
23203, 9
23204, 6
23205, 8
23206, 2
23207, 1
23208, 6
23209, 2
23210, 5
23211, 3
23212, 6
23213, 7
23214, 6
23215, 0
23216, 8
23217, 9
23218, 3
23219, 4
23220, 5
23221, 3
23222, 7
23223, 0
23224, 9
23225, 3
23226, 4
23227, 6
23228, 0
23229, 3
23230, 6
23231, 7
23232, 3
23233, 9
23234, 7
23235, 2
23236, 1
23237, 4
23238, 2
23239, 4
23240, 9
23241, 6
23242, 7
23243, 3
23244, 4
23245, 8
23246, 5
23247, 9
23248, 6
23249, 6
23250, 5
23251, 1
23252, 0
23253, 6
23254, 5
23255, 7
23256, 6
23257, 7
23258, 7
23259, 3
23260, 3
23261, 6
23262, 6
23263, 8
23264, 4
23265, 0
23266, 3
23267, 9
23268, 6
23269, 6
23270, 5
23271, 5
23272, 5
23273, 0
23274, 2
23275, 6
23276, 1
23277, 3
23278, 6
23279, 3
23280, 0
23281, 2
23282, 5
23283, 5
23284, 6
23285, 6
23286, 5
23287, 4
23288, 5
23289, 7
23290, 6
23291, 7
23292, 9
23293, 0
23294, 7
23295, 5
23296, 4
23297, 4
23298, 7
23299, 2
23300, 5
23301, 5
23302, 5
23303, 7
23304, 4
23305, 2
23306, 5
23307, 6
23308, 5
23309, 6
23310, 6
23311, 3
23312, 4
23313, 5
23314, 3
23315, 8
23316, 2
23317, 8
23318, 6
23319, 3
23320, 3
23321, 6
23322, 9
23323, 5
23324, 1
23325, 3
23326, 5
23327, 5
23328, 3
23329, 8
23330, 1
23331, 9
23332, 2
23333, 5
23334, 6
23335, 5
23336, 8
23337, 3
23338, 6
23339, 8
23340, 0
23341, 6
23342, 2
23343, 7
23344, 4
23345, 5
23346, 3
23347, 6
23348, 7
23349, 1
23350, 6
23351, 2
23352, 2
23353, 6
23354, 4
23355, 6
23356, 7
23357, 0
23358, 8
23359, 6
23360, 5
23361, 6
23362, 0
23363, 1
23364, 5
23365, 0
23366, 2
23367, 5
23368, 7
23369, 3
23370, 8
23371, 6
23372, 2
23373, 8
23374, 3
23375, 4
23376, 8
23377, 7
23378, 1
23379, 3
23380, 3
23381, 3
23382, 6
23383, 1
23384, 2
23385, 3
23386, 6
23387, 8
23388, 5
23389, 4
23390, 0
23391, 9
23392, 7
23393, 5
23394, 5
23395, 0
23396, 9
23397, 7
23398, 6
23399, 1
23400, 2
23401, 9
23402, 5
23403, 3
23404, 6
23405, 0
23406, 0
23407, 1
23408, 4
23409, 6
23410, 3
23411, 5
23412, 8
23413, 8
23414, 6
23415, 6
23416, 6
23417, 4
23418, 1
23419, 9
23420, 0
23421, 1
23422, 3
23423, 1
23424, 8
23425, 6
23426, 2
23427, 5
23428, 3
23429, 0
23430, 1
23431, 1
23432, 3
23433, 5
23434, 6
23435, 6
23436, 1
23437, 4
23438, 6
23439, 1
23440, 7
23441, 2
23442, 5
23443, 6
23444, 3
23445, 6
23446, 8
23447, 3
23448, 6
23449, 8
23450, 5
23451, 4
23452, 5
23453, 6
23454, 3
23455, 8
23456, 4
23457, 0
23458, 9
23459, 4
23460, 4
23461, 4
23462, 4
23463, 6
23464, 6
23465, 4
23466, 6
23467, 6
23468, 0
23469, 5
23470, 8
23471, 6
23472, 0
23473, 3
23474, 6
23475, 3
23476, 5
23477, 0
23478, 2
23479, 6
23480, 1
23481, 7
23482, 5
23483, 6
23484, 8
